INSERT INTO Customers (CustomerID, FirstName, LastName, DateOfBirth, Phone, Email, Address)
VALUES 
(1, 'Іван', 'Іванов', '1985-02-15', '0501234567', 'ivan.ivanov@example.com', 'вул. Шевченка, 1'),
(2, 'Марія', 'Петренко', '1990-07-22', '0662345678', 'maria.petrenko@example.com', 'вул. Лесі Українки, 5'),
(3, 'Олександр', 'Коваль', '1978-11-30', '0998765432', 'olexandr.koval@example.com', 'вул. Михайла Грушевського, 3'),
(4, 'Тетяна', 'Мельник', '1982-03-17', '0672345678', 'tetiana.melnyk@example.com', 'вул. Пушкіна, 7'),
(5, 'Дмитро', 'Бойко', '1993-05-10', '0683456789', 'dmytro.boyko@example.com', 'вул. Миколи Лисенка, 10'),
(6, 'Наталія', 'Гриценко', '1987-09-25', '0739876543', 'nataliya.hrytsenko@example.com', 'вул. Володимира Великого, 2'),
(7, 'Юрій', 'Сидоренко', '1995-06-13', '0504567890', 'yuriy.sydorenko@example.com', 'вул. Тараса Шевченка, 8'),
(8, 'Анастасія', 'Кузьменко', '1989-12-05', '0631234567', 'anastasia.kuzmenko@example.com', 'вул. Князя Романа, 15'),
(9, 'Петро', 'Черненко', '1981-01-28', '0967654321', 'petro.chernenko@example.com', 'вул. Лесі Українки, 3'),
(10, 'Ірина', 'Семчук', '1994-08-17', '0679876543', 'iryna.semchuk@example.com', 'вул. Незалежності, 20'),
(11, 'Олег', 'Тимошенко', '1984-04-11', '0505432167', 'oleg.tymoshenko@example.com', 'вул. Козацька, 5'),
(12, 'Вікторія', 'Кравченко', '1992-10-21', '0678765432', 'viktoriya.kravchenko@example.com', 'вул. Чорновола, 12');


INSERT INTO InsuranceTypes (TypeID, TypeName, Description)
VALUES
(1, 'Автострахування', 'Страхування транспортних засобів, що забезпечує фінансовий захист у разі аварії, крадіжки, пошкодження або відповідальності перед іншими учасниками дорожнього руху.'),
(2, 'Страхування житла', 'Поліс, що забезпечує компенсацію у разі пошкодження або втрати нерухомого майна внаслідок пожежі, затоплення, стихійного лиха чи інших ризиків.'),
(3, 'Медичне страхування', 'Забезпечує покриття витрат на медичне обслуговування, включаючи амбулаторне лікування, госпіталізацію, діагностику та ліки.'),
(4, 'Туристичне страхування', 'Поліс для подорожей, який включає компенсацію витрат на медичні послуги за кордоном, втрату багажу, скасування поїздки та інші ризики під час подорожей.');


INSERT INTO InsuranceProducts (ProductID, ProductName, TypeID, Description, PremiumAmount, CoverageAmount)
VALUES
(1, 'Базове автострахування', 1, 'Поліс для транспортних засобів з базовим покриттям, включаючи компенсацію при ДТП та відповідальності перед третіми особами.', 1000.00, 50000.00),
(2, 'Повне автострахування', 1, 'Розширене покриття для транспортних засобів, включаючи крадіжку, пожежу, стихійні лиха та додаткові ризики.', 2000.00, 100000.00),
(3, 'Страхування квартири', 2, 'Базовий поліс для страхування квартир, що покриває пошкодження від пожеж, затоплень та інших ризиків.', 1500.00, 300000.00),
(4, 'Страхування будинку', 2, 'Розширений поліс для страхування приватних будинків, що включає додаткові ризики, такі як зсуви та вандалізм.', 2500.00, 500000.00),
(5, 'Медичне страхування - базове', 3, 'Поліс для базового медичного покриття, що включає амбулаторне лікування та невідкладну допомогу.', 1200.00, 100000.00),
(6, 'Медичне страхування - преміум', 3, 'Розширене медичне страхування з покриттям дорогих процедур, госпіталізації та ліків.', 3000.00, 500000.00),
(7, 'Туристичне страхування - Європа', 4, 'Поліс для подорожей у межах Європи, включаючи медичні витрати, втрату багажу та скасування рейсів.', 800.00, 50000.00),
(8, 'Туристичне страхування - Світ', 4, 'Поліс для подорожей по всьому світу, що забезпечує широке покриття ризиків, включаючи репатріацію.', 1500.00, 100000.00);

INSERT INTO Policies (PolicyID, PolicyNumber, CustomerID, ProductID, StartDate, EndDate, IsActive)
VALUES
(1, 'P001', 1, 1, '2025-01-01', '2026-01-01', 1),
(2, 'P002', 2, 2, '2025-02-01', '2026-02-01', 1),
(3, 'P003', 3, 3, '2025-03-01', '2026-03-01', 1),
(4, 'P004', 4, 4, '2025-04-01', '2026-04-01', 1),
(5, 'P005', 5, 5, '2024-01-01', '2024-12-31', 0),
(6, 'P006', 6, 6, '2023-01-01', '2023-12-31', 0),
(7, 'P007', 7, 7, '2025-07-01', '2026-07-01', 1),
(8, 'P008', 8, 8, '2025-08-01', '2026-08-01', 1),
(9, 'P009', 9, 1, '2024-07-01', '2024-12-31', 0),
(10, 'P010', 10, 2, '2025-10-01', '2026-10-01', 1),
(11, 'P011', 11, 3, '2025-11-01', '2026-11-01', 1),
(12, 'P012', 12, 4, '2024-12-01', '2024-12-31', 0),
(13, 'P013', 1, 5, '2025-01-15', '2026-01-15', 1),
(14, 'P014', 2, 6, '2025-02-15', '2026-02-15', 1),
(15, 'P015', 3, 7, '2025-03-15', '2026-03-15', 1),
(16, 'P016', 4, 8, '2025-04-15', '2026-04-15', 1),
(17, 'P017', 5, 1, '2024-01-01', '2024-06-30', 0),
(18, 'P018', 6, 2, '2025-06-15', '2026-06-15', 1),
(19, 'P019', 7, 3, '2025-07-15', '2026-07-15', 1),
(20, 'P020', 8, 4, '2025-08-15', '2026-08-15', 1);


INSERT INTO Employees (EmployeeID, FirstName, LastName, Position, HireDate, Salary)
VALUES
(1, 'Іван', 'Коваленко', 'Менеджер', '2020-01-10', 25000.00),
(2, 'Ольга', 'Шевченко', 'Фахівець зі страхових випадків', '2019-05-15', 22000.00),
(3, 'Андрій', 'Гриценко', 'Фахівець зі страхових випадків', '2021-03-20', 20000.00),
(4, 'Наталія', 'Лисенко', 'Юрист', '2018-11-01', 27000.00),
(5, 'Сергій', 'Петренко', 'Керівник відділу', '2017-07-30', 30000.00);


INSERT INTO Claims (ClaimID, PolicyID, ClaimDate, ClaimAmount, Status, ProcessedByID)
VALUES
(1, 1, '2025-01-02', 15000.00, 'Очікує розгляду', NULL),
(2, 2, '2024-12-15', 20000.00, 'Розглядається', 3),
(3, 3, '2024-11-20', 5000.00, 'Схвалено', 2),
(4, 5, '2024-10-10', 70000.00, 'Відхилено', 2),
(5, 6, '2024-09-30', 12000.00, 'Схвалено', 3),
(6, 7, '2024-08-25', 30000.00, 'Очікує розгляду', NULL),
(7, 8, '2024-07-15', 5000.00, 'Розглядається', 3),
(8, 9, '2024-06-05', 40000.00, 'Схвалено', 3),
(9, 10, '2024-05-01', 10000.00, 'Очікує розгляду', NULL),
(10, 11, '2024-04-10', 1500.00, 'Відхилено', 3),
(11, 12, '2024-03-20', 9000.00, 'Схвалено', 2),
(12, 13, '2024-02-15', 22000.00, 'Розглядається', 3),
(13, 14, '2024-01-25', 8000.00, 'Очікує розгляду', NULL),
(14, 15, '2023-12-30', 45000.00, 'Відхилено', 2),
(15, 16, '2023-11-20', 500.00, 'Схвалено', 2);


INSERT INTO CustomerDiscounts (DiscountID, DiscountAmount, ValidFrom, ValidUntil, CustomerID)
VALUES
(1, 500.00, '2025-01-01', '2025-12-31', 1),
(2, 1000.00, '2025-02-01', '2025-12-31', 3),
(3, 1500.00, '2025-03-01', '2025-12-31', 5);


INSERT INTO ProductDiscounts (DiscountID, DiscountAmount, ValidFrom, ValidUntil, ProductID)
VALUES
(1, 200.00, '2025-01-01', '2025-06-30', 1),
(2, 500.00, '2025-07-01', '2025-12-31', 4);


INSERT INTO Payments (PaymentID, PolicyID, PaymentMethod, PaymentDate, PaymentAmount)
VALUES
(1, 1, 'Кредитна картка', '2025-01-02', 1000.00),
(2, 2, 'Банківський переказ', '2025-01-03', 2000.00),
(3, 3, 'Готівка', '2025-01-04', 1500.00),
(4, 4, 'Кредитна картка', '2025-01-05', 2500.00),
(5, 5, 'Банківський переказ', '2024-12-31', 1000.00),
(6, 6, 'Готівка', '2024-12-30', 1200.00),
(7, 7, 'Кредитна картка', '2024-12-29', 800.00),
(8, 8, 'Банківський переказ', '2024-12-28', 1500.00),
(9, 9, 'Готівка', '2024-12-27', 1000.00),
(10, 10, 'Кредитна картка', '2024-12-26', 2000.00),
(11, 11, 'Банківський переказ', '2024-12-25', 1500.00),
(12, 12, 'Готівка', '2024-12-24', 2500.00),
(13, 13, 'Кредитна картка', '2024-12-23', 1200.00),
(14, 14, 'Банківський переказ', '2024-12-22', 800.00),
(15, 15, 'Готівка', '2024-12-21', 1500.00),
(16, 16, 'Кредитна картка', '2024-12-20', 1000.00),
(17, 17, 'Банківський переказ', '2024-12-19', 2000.00),
(18, 18, 'Готівка', '2024-12-18', 1200.00),
(19, 19, 'Кредитна картка', '2024-12-17', 800.00),
(20, 20, 'Банківський переказ', '2024-12-16', 1500.00),
(21, 1, 'Готівка', '2024-12-15', 1000.00),
(22, 2, 'Кредитна картка', '2024-12-14', 2000.00),
(23, 3, 'Банківський переказ', '2024-12-13', 1500.00),
(24, 4, 'Готівка', '2024-12-12', 2500.00),
(25, 5, 'Кредитна картка', '2024-12-11', 1200.00);